"STAR_KEY"|"S_name"|"Distance (Lightyears)"|"temperature"|"Mass"|"relative radius"|"Star Luminosity"|"Star Type"
439|"Caledea"|356,012|2650|0,4|0,17|0,04|"M-2-V"
2776|"Wotan"|432,396|2533|0,4|NA|0,04|"M-6-V"
2624|"Ulysses"|413,701|4590|0,5|0,79|0,57|"K-2-V"
183|"Arromanches"|432,784|2733|0,3|0,6|0,07|"M-3-V"
1788|"Naikongzu"|638,757|2571|0,4|0,48|0,04|"M-4-V"
1584|"Mandate"|154,096|5383|0,9|1,03|1,06|"G-2-V"
283|"Beckars"|526,153|3274|0,3|0,52|0,06|"M-2-V"
2076|"Proserpina"|161,889|3876|0,6|0,77|0,51|"K-7-V"
1955|"Osumi"|157,352|4345|0,5|0,88|0,43|"K-2-V"
811|"Eom"|192,634|2474|0,1|0,64|0,07|"M-5-V"
2887|"Carthage"|505,07|2788|0,1|0,23|0,03|"M-2-V"
8|"Aberystwyth"|434,937|3098|0,3|NA|0,06|"M-2-V"
666|"David"|141,399|2551|0,1|0,25|0,04|"M-1-V"
2097|"Quimper"|338,27|2677|0,3|0,67|0,05|"M-1-V"
1676|"Menke"|343,107|3225|0,2|0,49|0,08|"M-3-V"
1646|"McRae"|559,604|4361|0,5|0,93|0,32|"K-3-V"
2161|"Robsart"|380,705|3179|0,3|NA|0,01|"M-1-V"
210|"Augusta"|299,14|3056|0,3|NA|0,02|"M-1-V"
1034|"Hainfeld"|268,861|3716|0,8|0,77|NA|"K-0-V"
354|"Bodnath"|303,338|4836|0,6|0,88|0,44|"K-0-V"
2745|"Werfer"|417,917|2821|0,3|0,48|0,06|"M-1-V"
1557|"Macomb"|342,065|2661|0,3|0,49|0,06|"M-2-V"
1685|"Mermentau"|522,843|2697|0,4|0,12|0,08|"M-5-V"
796|"Eltanin"|99,363|2631|0,4|0,29|0,01|"M-7-V"
198|"Athenry"|35,61|2633|0,3|0,25|0,05|"M-2-V"
757|"Dustball"|285,97|2642|0,4|0,33|NA|"M-4-V"
2918|"Porthos"|484,398|5390|0,9|0,99|0,63|"G-2-V"
696|"Deshler"|227,569|2839|0,2|0,15|0,04|"M-2-V"
928|"Gambarare"|447,755|2767|0,1|0,66|0,06|"M-1-V"
1393|"Koniz"|275,729|2651|0,1|0,64|0,01|"M-2-V"
1431|"Kwangchowwang"|418,747|2520|0,3|0,21|0,06|"M-5-V"
2926|"Tyrrhenia"|649,819|4681|0,7|0,74|0,15|"K-3-V"
1119|"Hobson"|355,699|3874|0,7|0,85|0,35|"K-3-V"
69|"Algol"|93,819|2763|0,3|0,24|0,04|"M-2-V"
2148|"Rexburg"|211,395|5269|0,9|1,13|1,16|"G-5-V"
2017|"Pesht"|372,212|4629|0,6|0,93|0,58|"K-3-V"
82|"Almach"|118,119|2889|0,3|0,45|0,08|"M-2-V"
1867|"Nichol's Rest"|274,835|3557|0,4|0,43|0,06|"M-0-V"
610|"Courcellete"|341,532|2865|0,3|0,28|0,07|"M-5-V"
3036|"Transfer Facility 4"|730,482|4304|0,7|0,89|0,08|"K-2-V"
2630|"Unkador"|377,948|2749|0,4|0,55|0,05|"M-5-V"
1267|"Jubka"|398,759|3024|0,3|NA|0,08|"M-1-V"
869|"Filtvelt"|538,182|3808|0,6|0,88|0,28|"K-6-V"
575|"Colfax"|238,058|3214|0,1|0,36|NA|"M-0-V"
1054|"Hardcore"|513,072|3139|0,2|0,64|0,01|"M-3-V"
681|"Delavan"|286,153|5308|1|0,96|0,8|"G-5-V"
2448|"Sverdlovsk"|387,78|2676|0,3|0,42|0,05|"M-7-V"
1604|"Marcus"|60,959|4195|NA|0,87|0,41|"K-3-V"
449|"Camadeierre"|456,738|2436|0,4|0,34|0,07|"M-4-V"
1932|"Olancha"|167,368|4461|0,7|0,85|0,14|"K-2-V"
2621|"Ulsan"|336,939|3949|0,8|0,87|0,35|"K-2-V"
1912|"Nunivak"|373,058|3965|0,5|0,73|0,26|"K-6-V"
1505|"Lockton"|453,745|2496|0,2|0,39|0,05|"M-0-V"
149|"Antipolo"|285,096|3050|0,4|0,16|0,02|"M-4-V"
2302|"Shenwan"|241,813|2470|0,1|0,62|0,08|"M-4-V"
3002|"Novgorod"|1209,539|2455|0,2|0,64|0,02|"M-5-V"
571|"Cohay"|610,144|2456|0,3|0,24|0,06|"M-3-V"
1000|"Great X"|341,879|3736|0,7|0,86|0,35|"K-7-V"
1766|"Moultrie"|501,652|2454|0,4|0,32|0,02|"M-2-V"
1565|"Maia"|387,893|2455|0,2|0,34|0,03|"M-8-V"
1745|"Monongahela"|233,826|2980|0,4|0,48|0,07|"M-0-V"
18|"Achnoly"|669,139|2600|0,2|0,68|0,02|"M-7-V"
858|"Fellanin"|136,093|2616|0,2|0,1|0,02|"M-0-V"
2699|"Voehn"|630,055|3864|NA|0,86|0,26|"K-0-V"
2360|"Small World"|52,168|2464|0,2|0,18|0,08|"M-2-V"
2950|"Kirin"|1837,467|3094|0,2|0,61|0,01|"M-2-V"
1847|"New Sagan"|194,789|2424|0,1|NA|0,06|"M-1-V"
1032|"Hagiwawa"|166,856|3335|0,4|0,54|0,02|"M-0-V"
673|"Declan"|363,446|2454|0,1|0,34|0,05|"M-8-V"
2414|"Stirling"|460,492|3054|0,3|0,27|0,03|"M-3-V"
628|"Cruz Alta"|437,402|2585|0,2|NA|NA|"M-2-V"
598|"Corey"|137,904|2763|0,3|0,44|0,05|"M-6-V"
2507|"Tedibyhr"|139,973|2572|0,4|0,12|0,03|"M-3-V"
2305|"Sherwood"|576,109|2994|0,3|0,31|0,04|"M-4-V"
2923|"Sonnia"|130,475|2493|0,3|NA|0,03|"M-6-V"
1717|"Miquelon"|414,989|3977|0,5|0,77|0,48|"K-6-V"
606|"Corydon"|220,061|3066|0,4|0,42|0,06|"M-4-V"
2721|"Warlock"|284,393|2791|0,4|0,26|0,04|"M-0-V"
2679|"Vestallas"|224,944|3762|0,5|0,78|0,36|"K-7-V"
2342|"Simpson Desert"|289,177|3197|0,2|0,54|0,03|"M-1-V"
2733|"Wedderborg"|479,88|2458|0,1|0,35|0,06|"M-3-V"
2731|"Wazan"|140,817|4126|0,7|0,88|0,37|"K-3-V"
1626|"Matsu"|157,13|2704|0,4|0,18|0,02|"M-6-V"
3078|"Drachenfeld"|1187,328|3012|0,3|0,2|0,05|"M-3-V"
1530|"Lucknow"|344,91|2989|0,4|0,55|0,02|"M-1-V"
2579|"Trellisane"|257,235|2760|0,2|0,66|0,02|"M-4-V"
426|"Cabanatuan"|535,102|5371|1|NA|1,36|"G-4-V"
238|"Bahl's Retreat"|221,821|4164|0,7|0,85|0,17|"K-5-V"
2881|"Aea"|453,838|2783|0,4|0,53|0,07|"M-2-V"
448|"Calvados"|459,103|2849|0,3|0,39|0,04|"M-2-V"
2828|"Zebrenaski"|304,234|5551|1|1|0,92|"G-4-V"
1192|"Inchicore"|362,448|3499|0,4|0,1|0,05|"M-0-V"
1258|"Jonathan"|137,034|5370|0,9|1,01|1,16|"G-2-V"
1489|"Lihue"|468,347|2980|0,3|0,28|0,08|"M-0-V"
475|"Caripare"|326,181|2678|0,1|0,57|NA|"M-2-V"
799|"Emerson"|206,859|2448|0,1|0,19|0,03|"M-8-V"
1293|"Kanto"|435,849|2782|0,3|0,69|0,08|"M-3-V"
284|"Bedeque"|146,644|2683|0,3|0,58|0,03|"M-5-V"
1423|"Kupang"|563,943|4381|0,7|0,71|0,6|"K-4-V"
1495|"Linhauiguan"|426,015|5418|0,9|1,11|0,64|"G-5-V"
2413|"Stewart"|130,008|5289|NA|1,03|1,26|"G-5-V"
2309|"Shimoda"|373,881|2796|0,3|0,31|0,01|"M-5-V"
48|"Al Hillah"|180,502|3120|0,4|0,51|0,07|"M-2-V"
436|"Caldarium"|502,778|2956|0,3|0,38|NA|"M-3-V"
3094|"The Swan's Eye"|889,671|2821|0,3|0,33|0,03|"M-4-V"
1703|"Milligan"|476,671|5234|0,8|1,15|1,22|"G-4-V"
403|"Bromhead"|409,885|3271|0,2|0,44|0,05|"M-2-V"
727|"Dol"|282,033|2827|0,3|0,59|0,01|"M-5-V"
2659|"Vanra"|170,201|2479|0,1|0,13|0,04|"M-7-V"
2935|"Atreus"|1735,733|2530|0,2|0,62|0,03|"M-2-V"
1793|"Nakaojo"|340,653|5737|1|1,04|1,48|"G-2-V"
913|"Gabenstad"|530,542|2444|0,3|0,49|NA|"M-7-V"
2404|"Steelton"|435,374|2749|0,4|0,46|0,04|"M-5-V"
1633|"Maxie's Planet"|401,267|3713|0,7|0,83|0,1|"K-5-V"
2999|"Köningsberg"|1228,04|4159|0,8|0,83|0,11|"K-6-V"
3099|"Helvetia"|994,56|5686|0,9|1,14|1,41|"G-2-V"
2736|"Wei"|135,207|2838|0,4|0,09|0,04|"M-4-V"
874|"Finsterwalde"|290,373|2692|0,2|0,69|0,02|"M-5-V"
1988|"Park Place"|114,805|3156|0,3|0,4|0,03|"M-3-V"
2835|"Zetang"|725,84|2444|0,4|0,43|NA|"M-7-V"
722|"Dirk's Gulf"|271,335|4623|0,5|0,85|0,59|"K-2-V"
118|"Amity"|132,585|2493|0,1|0,24|0,06|"M-2-V"
663|"Dar-es-Salaam"|195,326|2431|0,1|0,66|0,04|"M-6-V"
566|"Clermont"|410,315|5593|0,9|1,03|1,03|"G-4-V"
1383|"Kochab"|92,541|2443|0,3|0,09|0,07|"M-7-V"
1023|"Gustrell"|471,382|4523|0,6|0,85|0,22|"K-2-V"
87|"Alpha Eridani"|83,787|5285|0,8|1,09|1,33|"G-4-V"
2797|"Yed Prior"|138,676|5379|0,9|1,14|1,2|"G-4-V"
650|"Dalian"|273,422|4202|0,6|0,8|0,28|"K-2-V"
3027|"Ramsey"|1102,144|2455|0,3|0,12|0,05|"M-1-V"
2585|"Trinidad"|284,914|4022|0,6|0,73|0,58|"K-6-V"
52|"Alarion"|348,457|3726|0,5|0,93|0,31|"K-6-V"
373|"Botany Bay"|514,774|2426|0,3|0,42|0,06|"M-7-V"
1125|"Holloway"|308,36|2624|0,2|NA|0,03|"M-4-V"
1182|"Illyria"|473,967|3207|0,2|0,33|0,08|"M-1-V"
3090|"Star Cluster 643"|1944,995|2404|NA|0,29|0,04|"M-2-V"
2369|"Soilihull"|193,816|2435|0,2|0,23|0,07|"M-8-V"
2259|"Scheuerheck"|360,357|2986|0,1|0,24|0,06|"M-2-V"
1649|"Mearra"|559,397|2777|0,3|0,12|0,05|"M-4-V"
480|"Carmichael"|402,052|4172|0,6|0,82|0,43|"K-2-V"
2930|"Babylon"|1605,647|2637|0,3|0,28|0,04|"M-3-V"
1750|"Montour"|479,145|3034|0,1|0,29|0,07|"M-2-V"
1901|"Novaya Zemlya"|257,388|2466|0,1|0,62|0,08|"M-2-V"
2176|"Roscoff"|548,507|2953|0,3|0,12|0,03|"M-4-V"
2690|"Vindemiatrix"|103,82|3721|0,7|0,75|0,5|"K-0-V"
1265|"Joyz"|468,364|2549|0,4|0,54|0,06|"M-3-V"
853|"Farwell"|161,619|3701|0,5|0,79|0,5|"K-7-V"
75|"Alkalurops"|57,737|2527|0,4|0,49|0,02|"M-8-V"
1504|"Lockdale"|40,357|4052|0,7|0,74|0,1|"K-1-V"
2067|"Primus"|322,524|3949|0,6|0,78|0,5|"K-2-V"
2948|"Huntress"|1758,559|3194|0,1|0,28|0,04|"M-2-V"
2641|"Vackisujfalu"|547,286|2512|0,3|0,68|0,04|"M-6-V"
109|"Alula Borealis"|264,58|2900|0,2|0,61|0,07|"M-3-V"
2707|"Vulture's Nest"|481,93|2466|0,3|0,53|0,04|"M-2-V"
1459|"Larsha"|410,666|2814|0,4|0,48|0,01|"M-2-V"
2055|"Portland"|516,729|2662|0,3|0,53|0,02|"M-4-V"
1487|"Lhasa"|188,792|4112|0,7|0,75|0,29|"K-5-V"
1083|"Helen"|58,324|3223|0,1|0,37|0,06|"M-3-V"
1004|"Greypearl"|527,032|2681|0,4|0,67|0,05|"M-4-V"
2468|"Talisker"|133,4|2621|0,4|0,54|0,04|"M-3-V"
1364|"Kirkvåg"|323,62|5588|1|1,12|0,86|"G-4-V"
1396|"Kookens Pleasure Pit"|383,267|2776|NA|0,39|0,01|"M-2-V"
50|"Al Jubaylah"|336,451|2543|0,1|0,57|0,05|"M-7-V"
2224|"San Carlos"|601,903|2915|0,3|0,48|0,02|"M-4-V"
1224|"Izmir"|433,703|4071|0,6|0,74|0,12|"K-5-V"
1615|"Marlette"|160,857|2787|0,3|0,12|0,04|"M-1-V"
1405|"Koulen"|436,717|3979|0,6|0,8|0,16|"K-7-V"
1857|"New Vallis"|421,7|3565|0,2|0,29|0,01|"M-0-V"
2101|"Quittacas"|270,647|2989|0,3|0,22|0,08|"M-3-V"
2378|"Sorsk"|740,099|4459|0,7|0,95|0,52|"K-4-V"
2142|"Renren"|444,049|4452|0,5|0,76|0,31|"K-2-V"
930|"Gambilon"|464,81|3808|0,7|0,91|0,24|"K-7-V"
2313|"Shinonoi"|96,401|2411|0,1|0,43|0,05|"M-5-V"
2954|"New Kent"|1788,524|2638|0,3|0,69|0,05|"M-3-V"
1723|"Mississauga"|370,667|2689|0,3|0,17|0,01|"M-4-V"
992|"Grand Base"|302,397|2814|0,2|0,63|0,06|"M-2-V"
2492|"Tarkio"|317,42|2798|NA|0,13|0,07|"M-2-V"
1578|"Manapire"|304,311|2735|0,2|0,46|0,05|"M-5-V"
1072|"Hean"|76,095|4726|0,7|0,83|0,46|"K-0-V"
2073|"Project Libra Umbrella"|545,104|3408|0,4|0,55|0,06|"M-2-V"
2952|"Lum"|1757,919|2675|0,4|0,42|0,06|"M-5-V"
2027|"Pike"|44,113|4430|0,5|0,9|0,24|"K-2-V"
290|"Belaire"|432,578|3997|0,7|0,81|0,58|"K-6-V"
959|"Gitarama"|725,973|4330|0,8|0,84|0,37|"K-2-V"
108|"Altorra"|263,51|3494|NA|0,56|0,08|"M-1-V"
3054|"Joradian Cluster"|1872,535|2624|NA|0,67|0,08|"M-3-V"
1226|"Jabuka"|221,254|2431|0,2|0,18|0,04|"M-6-V"
389|"Brest"|305,055|2652|0,4|NA|0,04|"M-2-V"
218|"Avellaneda"|100,437|4274|0,5|0,86|0,14|"K-3-V"
1386|"Kohlman"|199,366|2941|0,3|0,18|0,02|"M-1-V"
3158|"Sacromonte"|462,34|4296|0,7|0,85|0,58|"K-3-V"
1235|"Jardangal"|618,339|4007|0,5|0,87|0,48|"K-5-V"
619|"Cree"|311,687|2904|0,4|0,49|0,02|"M-3-V"
444|"Callisto"|199,615|2605|0,2|0,32|0,06|"M-3-V"
499|"Ceará"|391,473|4034|0,7|0,76|0,57|"K-2-V"
2390|"St. Gall"|115,273|3902|0,6|0,86|0,38|"K-6-V"
2019|"Phact"|140,318|2598|0,2|0,43|0,01|"M-3-V"
680|"Delagoa"|562,208|3121|0,3|0,18|0,04|"M-1-V"
2308|"Shiloh"|88,289|5769|1|1,08|1,2|"G-2-V"
2089|"Quarell"|234,588|5486|0,9|1,08|1,42|"G-5-V"
62|"Alegro"|453,517|3706|0,6|0,75|0,39|"K-2-V"
919|"Galax"|309,773|2407|0,2|0,43|0,07|"M-4-V"
3107|"Chaffee"|1779,52|2768|0,3|0,64|0,04|"M-1-V"
1493|"Lindsay"|406,414|2898|0,2|0,63|0,05|"M-5-V"
2892|"Colchis"|676,871|2479|0,4|0,4|0,02|"M-3-V"
1446|"Lambrecht"|59,143|2854|0,4|0,12|0,03|"M-5-V"
1829|"New Galicia"|424,916|4539|0,6|0,8|0,48|"K-0-V"
315|"Beten Kaitos"|201,724|2930|0,3|0,62|0,08|"M-3-V"
1355|"Kimi"|413,929|4107|0,8|0,82|0,41|"K-6-V"
2435|"Summit"|239,97|2966|0,4|0,3|0,05|"M-3-V"
2925|"The Rock"|507,196|2970|NA|0,39|0,07|"M-1-V"
116|"Ambrose"|483,665|2656|0,2|0,62|0,06|"M-2-V"
1831|"New Gascony"|712,261|2661|0,3|0,19|0,07|"M-5-V"
2933|"Eden"|1619,256|3204|0,2|0,57|0,02|"M-0-V"
1245|"Jenet"|318,161|2777|0,3|0,42|0,08|"M-4-V"
2663|"Várri"|549,157|2473|0,4|0,59|0,01|"M-5-V"
2267|"Scudder"|218,398|3201|0,1|0,62|0,07|"M-0-V"
2987|"Danzig"|1064,164|5397|0,9|0,97|1,02|"G-5-V"
233|"Bacum"|329,193|3347|0,1|NA|0,07|"M-2-V"
979|"Goodna"|241,879|2869|0,3|0,65|0,02|"M-0-V"
2221|"Salur"|211,291|4030|0,7|0,93|0,1|"K-2-V"
2459|"Syrstart"|605,417|2445|0,2|0,4|0,02|"M-3-V"
2519|"Tetschner"|307,793|2955|0,2|0,6|0,01|"M-2-V"
2812|"Zalzangor"|421,9|4169|0,5|0,72|0,47|"K-2-V"
22|"Acrux"|354,376|3043|0,1|0,25|0,01|"M-4-V"
1607|"Mariefred"|181,997|3034|0,2|0,07|0,02|"M-1-V"
471|"Carbonis"|181,908|4366|0,5|0,79|0,25|"K-5-V"
1773|"Murchison"|77,291|3701|0,8|0,73|0,31|"K-6-V"
1959|"Ouagadougou"|467,298|2623|0,1|0,51|0,08|"M-7-V"
209|"August"|169,534|2691|0,4|0,16|0,06|"M-4-V"
150|"Anywhere"|466,992|2528|0,2|0,08|0,07|"M-6-V"
1048|"Hammer"|396,507|2455|0,3|0,12|0,08|"M-0-V"
1281|"Kakada"|315,939|3217|0,1|0,34|0,01|"M-3-V"
105|"Altona"|508,068|2644|0,1|0,22|0,05|"M-6-V"
2370|"Sol"|0|2923|0,2|0,17|0,02|"M-5-V"
1231|"Jamestown"|433,938|2602|0,4|0,42|0,07|"M-0-V"
2966|"Tokasha"|1731,797|4065|0,5|0,88|0,31|"K-5-V"
2656|"Vanern"|212,742|2534|0,2|0,44|0,07|"M-3-V"
2071|"Prix"|330,533|2666|0,2|0,7|0,01|"M-5-V"
532|"Chennai"|374,326|2618|0,4|0,58|0,06|"M-2-V"
1769|"Multan"|490,436|3246|0,4|0,36|0,02|"M-1-V"
3105|"Aurigae"|1503,317|3103|0,2|0,22|0,05|"M-0-V"
2151|"Richmond"|473,853|2842|0,1|0,58|0,01|"M-3-V"
880|"Flaum"|453,727|5519|0,9|1,03|0,82|"G-4-V"
418|"Burnt Rock"|380,265|2751|0,3|0,16|0,06|"M-3-V"
984|"Goth Khakar"|412,712|2750|0,2|0,13|0,03|"M-3-V"
1926|"Ogilvie"|303,593|3739|0,5|0,87|0,42|"K-3-V"
529|"Chebanse"|247,557|2628|0,4|0,47|0,03|"M-3-V"
746|"Du Lac"|381,017|5590|1|1,11|0,76|"G-4-V"
2238|"Sardis"|309,331|2518|0,4|0,39|0,03|"M-1-V"
3056|"Landrum"|1265,21|4557|0,5|0,89|0,27|"K-3-V"
1602|"Marathon"|317,006|2727|0,4|0,38|0,02|"M-5-V"
1414|"Krimari"|468,344|2660|0,1|0,43|0,05|"M-4-V"
1349|"Kilarney"|334,515|5314|0,9|1|0,83|"G-2-V"
161|"Aquavita"|302,529|2436|0,2|0,15|0,05|"M-2-V"
940|"Gatchina"|400,662|2527|0,1|0,52|0,04|"M-3-V"
1297|"Karkkila"|443,122|2819|0,2|0,21|0,02|"M-5-V"
178|"Armaxa"|231,722|2420|0,2|0,29|0,01|"M-2-V"
166|"Arc-Royal"|283,494|5222|0,9|1,12|1,43|"G-2-V"
1076|"Hechnar"|31,041|4139|0,5|0,7|0,38|"K-3-V"
850|"Far Reach"|607,714|3010|0,1|0,27|0,03|"M-3-V"
3088|"Shady Palms"|818,474|2438|0,4|0,67|0,01|"M-5-V"
2900|"Farstar"|606,022|4735|0,5|0,83|0,58|"K-0-V"
2627|"Umka"|384,004|2446|0,3|0,41|0,03|"M-4-V"
737|"Dowles"|238,18|2509|0,4|0,66|0,03|"M-8-V"
1299|"Karston"|277,256|2538|0,3|0,39|0,07|"M-5-V"
1945|"Ordino"|365,16|2696|0,2|0,17|NA|"M-3-V"
1114|"Hindmarsh"|334,723|2906|0,1|0,27|0,07|"M-3-V"
922|"Gallatin"|177,191|2878|0,4|0,48|0,01|"M-3-V"
2955|"Niles"|1710,975|2465|0,2|0,69|0,03|"M-8-V"
318|"Bettendorf"|266,202|2882|0,3|0,19|0,08|"M-3-V"
657|"Daneshmand"|194,869|2520|0,2|0,45|0,05|"M-5-V"
743|"Drosendorf"|262,269|2637|0,1|0,27|0,05|"M-7-V"
254|"Bannerhoft"|620,134|2598|0,3|0,16|0,02|"M-7-V"
1064|"Hassad"|163,391|3017|0,3|0,12|0,04|"M-2-V"
906|"Fugeres"|594,875|2971|0,4|0,4|0,01|"M-0-V"
579|"Coloma"|296,543|3337|0,3|0,38|0,03|"M-2-V"
1478|"Leoben"|407,373|2549|0,4|0,18|0,03|"M-2-V"
2185|"Royalston"|262,551|2560|0,3|0,5|0,03|"M-7-V"
1287|"Kanata"|322,531|3246|0,4|NA|0,03|"M-3-V"
2451|"Swartklip"|487,555|2679|0,1|0,21|0,05|"M-3-V"
2047|"Polcenigo"|390,346|5607|1|1|1,05|"G-3-V"
3114|"Knechee"|1888,354|2749|0,2|0,3|0,06|"M-5-V"
924|"Gallis"|418,188|2549|0,1|0,19|0,05|"M-3-V"
1849|"New Sapporo"|533,851|4030|0,6|0,88|0,37|"K-3-V"
93|"Alsek"|395,369|2518|0,2|0,2|0,05|"M-5-V"
1856|"New Valencia"|225,586|2903|0,4|0,24|0,06|"M-2-V"
2281|"Sentarus"|567,858|2717|0,2|0,45|0,07|"M-3-V"
1105|"Hexare"|235,219|3386|0,3|0,59|0,01|"M-2-V"
795|"Elnath"|128,562|5254|0,8|1,07|1,01|"G-2-V"
2777|"Wrentham"|367,535|2539|0,1|0,45|0,04|"M-7-V"
491|"Cassias"|327,554|2751|0,1|0,64|0,06|"M-6-V"
2617|"Ukunela"|295,225|4101|0,6|0,76|0,45|"K-5-V"
1040|"Hall"|46,401|2432|0,1|0,37|0,06|"M-6-V"
861|"Ferleiten"|354,742|2546|0,3|0,64|0,07|"M-4-V"
385|"Braunton"|270,161|3911|0,7|0,82|0,23|"K-5-V"
2107|"Raetia"|625,433|2893|0,2|0,21|0,04|"M-2-V"
1571|"Malaga"|577,046|3353|0,3|0,44|0,02|"M-0-V"
2866|"Leximon"|507,641|2529|0,2|0,51|0,01|"M-1-V"
1390|"Kolobrzeg"|137,987|2467|0,2|0,52|0,02|"M-5-V"
2187|"Ruchbah"|61,744|3309|0,2|0,22|0,04|"M-1-V"
2911|"Marknick"|694,387|3534|0,4|0,61|0,02|"M-0-V"
342|"Blandou"|305,857|2455|0,4|0,45|0,04|"M-5-V"
820|"Eschenberg"|235,12|4589|0,7|0,88|NA|"K-3-V"
2916|"Oscar"|710,665|5306|1|1,07|0,61|"G-5-V"
808|"Enkra"|427,704|4034|0,5|0,79|0,48|"K-5-V"
2316|"Shipton"|539,764|4351|0,7|0,72|NA|"K-4-V"
1058|"Harmony"|221,752|3103|0,2|0,46|0,05|"M-2-V"
2846|"Zortman"|226,331|3538|0,1|0,63|0,04|"M-1-V"
677|"Deia"|351,022|2986|0,3|0,33|0,04|"M-4-V"
327|"Biloela"|351,51|4515|0,8|0,84|0,09|"K-4-V"
1834|"New Home"|14,626|4081|0,5|NA|0,38|"K-5-V"
740|"Dresden"|218,491|4137|0,6|0,77|0,21|"K-5-V"
2508|"Tegaldanas"|417,701|4826|0,7|0,82|0,59|"K-2-V"
668|"Dawn"|376,42|5585|1|1,06|0,81|"G-4-V"
3045|"Argondale"|1104,532|3862|0,5|0,82|0,39|"K-3-V"
2007|"Pencader"|354,437|2579|0,2|0,12|0,01|"M-6-V"
1503|"Lochmantle"|355,69|5271|0,9|0,97|1,32|"G-5-V"
2043|"Pocologan"|453,672|2522|0,4|NA|0,07|"M-6-V"
1648|"Meadowvale"|349,275|2686|0,2|0,39|0,05|"M-3-V"
783|"Elba"|516,187|3998|0,7|0,94|0,51|"K-7-V"
1541|"Luxen"|504,406|2522|0,2|0,35|0,04|"M-2-V"
2199|"Sabhal Mòr Ostaig"|347,253|2429|0,4|0,7|0,05|"M-2-V"
167|"Arcturus"|191,109|2628|0,4|0,48|0,01|"M-3-V"
407|"Bruben"|388,51|5487|0,8|0,96|1,38|"G-4-V"
1691|"Mesartim"|116,464|5378|0,8|0,97|0,8|"G-2-V"
2587|"Trolloc Prime"|174,345|2669|0,3|0,54|0,07|"M-5-V"
748|"Dubhe"|72,383|2688|0,3|0,14|NA|"M-0-V"
234|"Bad News"|465,136|4910|0,7|0,9|0,33|"K-1-V"
524|"Charleywood"|276,572|2588|0,2|0,21|0,04|"M-4-V"
877|"Fjaldr"|414,097|3717|0,8|0,86|0,32|"K-5-V"
2386|"Spirit"|251,914|2957|0,2|0,37|0,01|"M-2-V"
182|"Arnaudville"|584,809|2538|0,1|0,55|0,06|"M-8-V"
2014|"Pernik"|346,195|3813|0,7|0,91|0,54|"K-7-V"
955|"Gillingham"|543,516|3031|0,4|0,31|NA|"M-3-V"
1947|"Organo"|496,97|3711|0,7|0,88|0,38|"K-7-V"
1146|"Huaide"|473,488|2912|0,3|0,08|0,07|"M-1-V"
1124|"Hollabrunn"|210,99|3782|0,5|0,8|0,45|"K-3-V"
892|"Foot Fall"|144,984|2685|0,2|0,26|0,02|"M-3-V"
816|"Erewhon"|483,043|2778|0,4|0,7|0,07|"M-2-V"
1486|"Leyland"|499,622|2851|0,4|0,41|0,06|"M-2-V"
2515|"Teniente"|359,19|3182|0,1|0,25|0,07|"M-1-V"
1407|"Kountze"|525,166|5397|0,9|1,14|0,94|"G-4-V"
1368|"Kitopler"|439,384|2945|0,1|0,62|0,02|"M-0-V"
1240|"Jatznik"|357,779|2403|0,3|0,47|0,05|"M-7-V"
2401|"Star's End"|440,098|5462|1|1,14|0,87|"G-5-V"
2350|"Skat"|97,092|2500|0,4|0,51|0,06|"M-4-V"
846|"False Dawn"|695,288|2464|0,2|0,47|0,04|"M-7-V"
2862|"Dersidatz"|481,729|3968|0,5|0,91|0,09|"K-6-V"
2380|"Soul"|469,4|2798|0,4|0,63|0,05|"M-5-V"
2004|"Pec"|273,978|2513|0,1|0,6|0,07|"M-5-V"
1555|"Macksburg"|439,435|4338|0,5|0,92|0,46|"K-3-V"
2434|"Summerstide"|551,739|4578|0,8|0,79|0,17|"K-1-V"
2174|"Ronel"|95,676|4025|0,7|0,87|0,19|"K-1-V"
1871|"Niles"|416,228|4226|0,5|0,95|0,58|"K-5-V"
2470|"Tall Trees"|66,747|2608|0,3|0,19|0,03|"M-0-V"
324|"Biegga"|426,852|2732|0,2|0,42|0,03|"M-6-V"
2137|"Remulac"|83,067|2483|0,2|0,46|0,05|"M-0-V"
2606|"Turtle Bay"|429,02|2503|0,3|0,12|0,06|"M-0-V"
2611|"Tyrlon"|461,226|3108|0,4|0,12|0,06|"M-2-V"
1981|"Paracale"|237,535|2544|0,3|0,14|0,03|"M-3-V"
1531|"Luderitz"|626,416|3752|0,6|0,86|0,34|"K-5-V"
999|"Great Gorge"|560,312|3832|0,7|0,89|0,44|"K-6-V"
2162|"Rochelle"|114,885|5735|0,9|1,06|1,09|"G-2-V"
2048|"Pollux"|35,173|2825|0,2|0,23|0,08|"M-5-V"
2762|"Winfield"|537,907|2497|0,2|0,32|0,05|"M-3-V"
1544|"Lynchburg"|364,022|4734|0,7|0,75|0,46|"K-2-V"
1732|"Mizunami"|416,294|2537|0,4|0,33|0,03|"M-8-V"
925|"Gallitzin"|209,777|3961|0,6|0,85|0,23|"K-6-V"
299|"Benedict"|473,428|5462|1|1,13|1,43|"G-2-V"
1914|"Nyasa"|571,528|5285|0,8|1,09|0,64|"G-2-V"
473|"Cardff"|377,921|4295|0,6|0,84|0,47|"K-3-V"
2456|"Symsonia"|496,055|3902|0,5|0,81|0,08|"K-7-V"
3031|"Star Cluster A51"|1580,127|2710|0,2|0,23|0,04|"M-3-V"
1620|"Mas"|482,429|3143|0,4|0,43|0,05|"M-1-V"
1123|"Hohenems"|348,885|2642|0,4|NA|0,03|"M-2-V"
2818|"Zanzibar"|383,913|2443|0,3|0,31|0,07|"M-4-V"
2747|"Westerhand"|276,138|2860|0,4|0,32|0,06|"M-1-V"
421|"Butler"|395,927|2834|0,3|0,5|0,01|"M-4-V"
1357|"Kinkaid"|457,257|3797|0,6|0,88|0,57|"K-7-V"
501|"Ceiba"|767,962|3867|0,6|0,87|0,13|"K-5-V"
369|"Borgan's Rift"|425,268|3849|0,6|0,77|0,51|"K-2-V"
1588|"Mangzhangdian"|447,895|2827|0,1|0,28|0,04|"M-1-V"
1704|"Milligan's World"|500,23|5522|0,8|1|0,93|"G-2-V"
1894|"Northsun"|547,025|2611|0,3|0,27|0,04|"M-7-V"
1514|"Loongana"|314,319|2513|0,3|0,11|0,05|"M-2-V"
1145|"Hsien"|54,63|2621|0,3|0,62|0,05|"M-1-V"
2229|"Santana"|326,08|4508|0,7|0,82|0,28|"K-2-V"
1069|"Haynesville"|462,104|2807|0,2|0,32|0,01|"M-6-V"
1406|"Koumi"|262,482|2515|0,1|0,54|0,04|"M-3-V"
2049|"Pomme De Terre"|367,223|2495|0,4|0,49|0,03|"M-5-V"
2678|"Versailles"|222,488|5383|0,9|1,14|1,23|"G-5-V"
7|"Abejorral"|325,319|4470|0,5|0,85|0,35|"K-1-V"
275|"Battaraigi"|532,323|2527|0,3|0,1|0,06|"M-1-V"
2953|"Marshall"|1793,139|5521|1|1,06|0,8|"G-4-V"
1116|"Hirtshals"|605,101|4017|0,7|0,7|0,14|"K-0-V"
2189|"Rukbat"|116,654|2896|0,4|0,17|0,02|"M-5-V"
2051|"Porrima"|179,977|5792|1|0,98|0,92|"G-2-V"
1790|"Nai-Stohl"|72,411|2540|0,2|0,69|0,03|"M-1-V"
1148|"Huanghuadian"|434,243|2469|0,4|0,56|0,07|"M-5-V"
1199|"Ingress"|53,015|2439|0,2|0,43|0,02|"M-0-V"
2467|"Talcott"|235,078|3195|0,3|0,33|0,06|"M-2-V"
2215|"Salem"|262,141|3081|0,3|0,45|0,07|"M-2-V"
2262|"Schmitt"|527,197|2540|0,4|0,36|0,05|"M-8-V"
424|"Bye's Ship"|553,795|3282|0,4|0,18|0,01|"M-2-V"
1763|"Morthac"|475,834|5444|0,9|1,07|0,7|"G-4-V"
2171|"Romita"|434,714|3371|0,3|0,14|0,04|"M-2-V"
2905|"Hellespont"|563,994|4112|0,7|0,77|0,59|"K-3-V"
629|"Cryfder"|517,129|4563|0,7|0,85|0,33|"K-2-V"
605|"Corsica Nueva"|298,809|3850|0,6|0,94|0,58|"K-6-V"
3041|"Trinity"|801,009|2471|0,4|0,45|0,08|"M-5-V"
2943|"Glory"|1838,239|5261|0,8|NA|0,66|"G-2-V"
2852|"Zwenkau"|233,922|2611|0,2|0,2|0,06|"M-5-V"
2464|"Taga"|225,653|3110|0,1|0,25|0,06|"M-3-V"
2810|"Zalaf"|442,444|4230|0,8|0,78|0,57|"K-2-V"
1726|"Mithron"|427,278|4473|0,6|0,72|0,12|"K-4-V"
2586|"Tripoli"|206,455|5519|0,9|1,1|1,37|"G-5-V"
1899|"Nova Roma"|157,713|2464|0,2|0,31|0,06|"M-4-V"
1202|"Inner End"|592,086|2439|NA|0,16|0,01|"M-7-V"
655|"Damian"|465,041|2606|0,4|0,08|0,07|"M-5-V"
1811|"New Aberdeen"|268,591|3013|0,2|0,16|0,03|"M-2-V"
881|"Fletcher"|52,379|3173|0,2|0,27|0,02|"M-3-V"
2789|"Xinyang"|251,825|4731|0,7|0,73|NA|"K-1-V"
351|"Boara"|573,029|2420|0,2|0,48|0,01|"M-5-V"
244|"Ballad"|537,639|2671|0,2|0,66|0,07|"M-2-V"
2098|"Quimper"|449,443|3218|0,2|0,65|0,07|"M-3-V"
1866|"Niangol"|446,206|3091|0,3|0,35|0,04|"M-2-V"
1268|"Junction"|156,246|2501|0,3|0,1|0,08|"M-2-V"
2497|"Tatsuno"|256,6|2475|0,4|0,65|0,04|"M-3-V"
1284|"Kalmar"|309,746|2932|NA|0,34|0,03|"M-2-V"
2673|"Verdigreis"|498,288|2553|0,3|0,13|0,04|"M-3-V"
2447|"Svelvik"|411,832|2424|0,3|0,22|0,02|"M-2-V"
1266|"Juazeiro"|342,663|2487|0,4|0,11|0,04|"M-4-V"
2240|"Sarikavak"|425,824|2445|0,4|0,29|0,07|"M-5-V"
2893|"Cygnus"|500,186|2479|0,1|0,68|0,03|"M-2-V"
1529|"Lucianca"|189,926|5751|1|1,03|1,27|"G-2-V"
2146|"Revel"|463,268|3261|0,1|0,34|0,06|"M-3-V"
3068|"Kefya"|1049,379|3140|0,4|0,67|0,06|"M-2-V"
836|"Exedor"|208,309|3893|0,8|0,77|0,43|"K-2-V"
1944|"Orbisonia"|215,934|2801|0,2|0,52|0,06|"M-2-V"
1244|"Jeju"|491,423|4000|0,6|0,87|0,55|"K-3-V"
343|"Blida"|293,304|4318|0,6|0,84|0,49|"K-5-V"
2072|"Procyon"|12,159|5503|0,9|1|1,42|"G-5-V"
2289|"Shahr Kord"|431,611|3719|0,5|0,95|0,2|"K-7-V"
3020|"Ctesiphon"|1093,331|4345|0,7|0,8|0,49|"K-3-V"
186|"As Samik"|450,026|4119|0,5|0,77|0,19|"K-5-V"
193|"Ashkum"|150,856|2991|0,3|0,39|0,05|"M-4-V"
2815|"Zanderij"|319,656|2404|0,1|0,17|0,03|"M-4-V"
2826|"Zebebelgenubi"|70,604|2998|0,3|0,59|0,05|"M-3-V"
2936|"Barcella"|1896,522|3376|NA|0,13|0,07|"M-2-V"
2324|"Shuen Wan"|222,43|2895|0,4|0,13|0,03|"M-4-V"
632|"Culmia"|594,969|3092|0,2|0,16|0,04|"M-2-V"
1642|"McGehee"|338,724|2943|0,2|0,23|0,01|"M-5-V"
2234|"Sapienza"|442,963|3719|0,7|0,74|0,5|"K-2-V"
649|"Dalcour"|397,546|4299|0,8|0,85|0,5|"K-3-V"
286|"Beenleigh"|325,662|2808|0,2|0,48|0,05|"M-2-V"
1471|"Leamington"|365,139|5637|0,8|1,06|1,06|"G-2-V"
1239|"Jászberény"|177,276|2456|0,2|0,08|0,05|"M-2-V"
2125|"Recife"|396,695|3209|0,3|0,69|0,05|"M-3-V"
716|"Dì-fang"|297,626|3954|0,6|0,72|0,36|"K-7-V"
3070|"Mostaganem"|1001,515|2887|0,4|0,49|0,07|"M-2-V"
738|"Dralkig"|528,922|3029|NA|0,54|0,05|"M-2-V"
2978|"León"|1301,696|4161|0,8|0,93|0,38|"K-6-V"
1232|"Janina"|479,25|4641|0,7|0,82|0,31|"K-3-V"
1967|"Ozawa"|84,824|2512|0,2|0,52|0,07|"M-2-V"
2600|"Tukayyid"|210,467|3819|0,8|0,75|0,24|"K-7-V"
2016|"Persistence"|419,969|2404|0,4|0,13|0,01|"M-3-V"
295|"Belladonna"|290,927|2779|0,4|0,18|0,01|"M-5-V"
689|"Deneb Kaitos"|65,906|4523|0,6|0,8|0,15|"K-2-V"
1477|"Lengkong"|352,498|2835|0,2|0,41|0,01|"M-2-V"
1451|"Lande"|508,116|3738|0,6|0,81|0,36|"K-4-V"
472|"Carcassonne"|380,813|2444|0,3|0,51|0,08|"M-1-V"
1044|"Halstead Station"|89,332|2645|0,2|0,62|0,03|"M-2-V"
273|"Batajnica"|388,383|2633|0,2|0,45|0,06|"M-1-V"
402|"Broken Wheel"|561,755|5117|0,6|0,77|0,45|"K-0-V"
2995|"Hamburg"|1020,752|4782|0,5|0,89|0,23|"K-2-V"
3101|"Karpathos"|984,419|3100|0,2|0,33|0,01|"M-2-V"
2064|"Pressville"|645,184|2807|NA|0,6|0,06|"M-3-V"
427|"Cadela"|578,645|2721|0,3|0,3|0,03|"M-3-V"
1774|"Muridox"|396,698|5486|1|1,1|1,14|"G-4-V"
278|"Bayeux"|554,429|2667|0,4|0,43|0,04|"M-2-V"
2140|"Renorsal"|670,527|3921|0,6|0,8|0,22|"K-4-V"
1528|"Lucerne"|232,193|4316|0,5|0,86|0,11|"K-3-V"
104|"Alto"|221,46|2540|0,2|0,2|0,02|"M-2-V"
1441|"Lackhove"|474,296|3003|0,2|0,17|0,05|"M-2-V"
1645|"McKenna"|147,988|5492|0,9|1,11|1,27|"G-5-V"
288|"Beils"|245,582|3413|0,4|0,25|0,06|"M-1-V"
237|"Baggville"|451,862|2691|0,2|0,27|0,01|"M-5-V"
865|"Fetsund"|507,533|3415|0,3|0,57|0,06|"M-1-V"
871|"Findal"|584,066|2457|0,1|0,16|0,02|"M-0-V"
2705|"Vosloorus"|323,699|2867|0,3|0,19|0,03|"M-3-V"
1999|"Pavia"|129,881|3293|0,2|0,46|0,07|"M-2-V"
2796|"Yed Posterior"|127,059|2568|0,2|0,35|0,04|"M-1-V"
2766|"Wisconsin"|336,56|5457|1|1,04|1,23|"G-2-V"
976|"Golandrinas"|430,955|4390|0,6|0,83|0,5|"K-2-V"
2403|"Steeles"|324,294|2867|0,4|0,34|0,08|"M-3-V"
1335|"Kessel"|84,732|2613|0,1|0,57|0,04|"M-3-V"
445|"Calloway"|207,871|3995|0,7|0,81|0,22|"K-5-V"
2863|"Hardisey's Haven"|424,642|5403|0,9|1|0,98|"G-4-V"
929|"Gambier"|386,476|4279|0,5|0,79|0,6|"K-5-V"
2697|"Virtue"|408,863|3447|0,4|0,64|0,02|"M-1-V"
2535|"Thorin"|24,836|4041|0,8|0,9|0,08|"K-6-V"
1074|"Heathville"|518,04|4233|0,5|0,88|0,36|"K-3-V"
2465|"Tainjin"|456,103|5553|0,8|1,02|1,04|"G-4-V"
2717|"Wantorill"|314,683|4375|NA|0,79|0,47|"K-1-V"
1408|"Koury"|645,822|3236|0,3|0,35|0,06|"M-3-V"
1012|"Grumium"|186,911|2542|0,1|0,6|NA|"M-5-V"
2969|"York"|1808,4|3333|NA|0,64|0,03|"M-0-V"
350|"Blumenort"|362,623|2626|0,4|NA|0,03|"M-3-V"
2325|"Shui-pào"|134,49|4259|0,8|0,94|0,31|"K-5-V"
620|"Crellacor"|477,107|2506|0,4|0,38|0,07|"M-6-V"
2216|"Salford"|527,031|2401|0,4|0,16|0,05|"M-5-V"
1992|"Pasemah"|544,038|2484|0,1|0,1|0,03|"M-2-V"
2823|"Zavijava"|31,804|4479|0,5|0,78|0,09|"K-3-V"
2083|"Qalzi"|465,835|2478|0,4|0,44|0,06|"M-7-V"
2056|"Potwin"|308,246|2876|NA|0,13|0,04|"M-3-V"
545|"Chisholm"|50,997|2734|0,1|0,65|0,06|"M-2-V"
185|"Arundel"|607,453|3743|0,5|0,71|0,27|"K-7-V"
2875|"Paulinus"|544,507|3276|0,4|0,48|0,08|"M-2-V"
776|"Eigerland"|602,061|2947|0,3|0,61|0,02|"M-3-V"
2767|"Wittington"|437,116|4815|0,6|0,89|0,27|"K-2-V"
58|"Alcyone"|236,381|2817|0,3|0,59|0,03|"M-1-V"
388|"Bremond"|392,65|2689|0,4|0,32|0,07|"M-6-V"
1033|"Hahira"|559,194|3715|0,6|0,88|0,11|"K-5-V"
1068|"Hawktor"|560,441|2459|0,1|0,62|0,06|"M-8-V"
42|"Agmond"|419,991|2406|0,3|0,58|0,07|"M-3-V"
995|"Graus"|313,792|5586|0,8|1,12|1,17|"G-4-V"
2012|"Périgueux"|352,384|3884|0,6|0,83|0,35|"K-5-V"
614|"Covington"|390,202|3639|0,2|0,3|0,05|"M-0-V"
860|"Ferihegy"|422,235|3178|0,1|0,42|0,02|"M-3-V"
2310|"Shimonita"|124,883|2904|0,4|0,45|0,05|"M-2-V"
1688|"Mersa Matruh"|213,619|3045|NA|0,28|0,01|"M-3-V"
1129|"Home"|323,295|3159|0,1|0,12|0,06|"M-3-V"
2867|"Lindassa"|521,901|4126|0,8|0,72|0,19|"K-3-V"
755|"Durabon"|522,547|3276|0,4|0,16|0,04|"M-1-V"
993|"Granera"|344,691|3883|0,6|0,74|0,41|"K-2-V"
1457|"Lapida"|123,994|3416|0,3|0,23|0,05|"M-0-V"
1606|"Marfik"|105,768|3484|0,4|NA|0,03|"M-0-V"
2661|"Vard"|362,643|2932|0,4|0,46|0,04|"M-5-V"
2734|"Wedgefield"|405,478|3472|0,3|0,54|0,05|"M-1-V"
2650|"Valladolid"|591,354|2990|0,4|0,29|0,06|"M-2-V"
998|"Graz"|251,101|3900|0,5|0,79|0,4|"K-5-V"
2030|"Pilpala"|376,129|2612|0,3|0,22|0,05|"M-4-V"
2915|"Orkney"|550,436|2930|0,3|0,36|0,04|"M-5-V"
1075|"Hecheng"|425,815|5314|0,8|0,97|0,99|"G-2-V"
2436|"Sumy"|291,709|2605|0,4|0,15|0,02|"M-7-V"
1665|"Melcher"|369,315|2731|0,1|0,55|0,04|"M-2-V"
3161|"Gaucin"|523,184|4023|0,5|0,86|0,18|"K-7-V"
2186|"Rubigen"|219,982|4853|0,8|0,94|0,4|"K-0-V"
507|"Cerignola"|435,399|3429|0,2|0,52|0,05|"M-0-V"
1860|"New Westin"|244,992|3906|NA|0,91|0,52|"K-5-V"
2888|"Carvajal"|603,335|5654|0,9|1,06|1,48|"G-3-V"
2809|"Zacatecoluca"|443,085|2502|0,4|0,35|0,03|"M-3-V"
1740|"Molino"|479,669|2882|0,3|0,69|0,08|"M-4-V"
3141|"Juniper"|132,106|2909|0,2|0,18|NA|"M-4-V"
2581|"Trentham"|462,809|3156|0,4|0,51|NA|"M-1-V"
1533|"Ludwigshafen"|372,066|4492|0,7|0,8|0,08|"K-3-V"
1099|"Herndon"|401,596|3818|0,7|0,79|0,28|"K-5-V"
1420|"Kujari"|266,335|5385|0,9|0,96|1,19|"G-4-V"
835|"Ewanrigg"|438,255|4796|0,6|0,93|0,29|"K-2-V"
730|"Dompaire"|309,229|3933|0,6|0,81|0,57|"K-4-V"
1121|"Hoensbroek"|502,638|2428|0,2|0,17|0,05|"M-8-V"
1998|"Paulus Prime"|485,685|2589|0,2|0,52|NA|"M-1-V"
868|"Fiery Plains"|553,003|2777|0,2|0,41|0,05|"M-4-V"
1494|"Ling"|128,8|2631|0,1|0,44|0,05|"M-5-V"
86|"Alorton"|363,924|2753|0,4|0,46|0,05|"M-5-V"
1081|"Helbrent"|427,121|3837|0,5|0,88|0,13|"K-6-V"
1373|"Klamriz"|206,093|5406|1|1,07|1,19|"G-4-V"
3135|"Hamar"|771,683|4616|0,8|0,73|0,6|"K-3-V"
158|"Apriki"|211,528|3854|0,8|0,94|0,43|"K-6-V"
2439|"Sunnywood"|405,398|2428|0,4|0,07|0,01|"M-6-V"
3159|"Ahlat"|548,611|3976|0,5|0,96|0,37|"K-7-V"
672|"Decatur"|340,59|2797|0,3|0,53|0,05|"M-3-V"
1510|"Loikaw"|755,668|4866|0,7|0,82|0,48|"K-2-V"
609|"Coudoux"|423,261|2517|0,1|0,11|0,04|"M-5-V"
1942|"Onverwacht"|697,57|2446|0,3|0,42|0,02|"M-0-V"
803|"Enders Cluster"|452,549|3823|0,6|0,83|0,1|"K-3-V"
1379|"Knutdor"|242,812|5684|1|1,02|0,92|"G-3-V"
1739|"Mokpo"|321,189|2672|0,4|0,32|0,05|"M-4-V"
1823|"New Crete"|204,428|2722|0,2|0,4|NA|"M-5-V"
1709|"Milton"|64,432|2693|0,1|0,37|0,07|"M-5-V"
51|"Al Na'ir"|67,731|2900|0,2|0,25|0,07|"M-5-V"
410|"Bryant"|18,672|3792|0,7|0,88|0,56|"K-5-V"
872|"Finmark"|524,52|2569|0,3|0,48|0,07|"M-7-V"
2044|"Point Barrow"|385,425|3737|0,7|0,86|0,28|"K-0-V"
2193|"Ryde"|102,323|2562|0,3|0,41|0,05|"M-3-V"
2564|"Tongatapu"|222,053|2753|0,2|0,26|0,02|"M-3-V"
2099|"Quincy"|349,064|4629|0,8|0,86|0,55|"K-2-V"
2117|"Ramsau"|222,518|2655|0,3|0,55|0,08|"M-1-V"
1470|"Le Blanc"|207,855|3788|0,5|0,86|0,1|"K-3-V"
1595|"Mansu-ri"|271,308|2770|0,3|0,58|0,03|"M-4-V"
1841|"New Olympia"|198,809|3111|0,3|0,21|0,03|"M-0-V"
1722|"Mishkadrill"|517,048|3736|0,6|0,77|0,31|"K-6-V"
2838|"Ziliang"|272,922|3154|0,2|0,11|0,05|"M-0-V"
641|"Cynthiana"|76,673|3432|0,4|NA|0,03|"M-1-V"
1483|"Lesnovo"|413,148|5374|0,8|1,04|0,97|"G-5-V"
1735|"Mogabouti"|530,728|5417|0,9|1,03|0,69|"G-4-V"
761|"Dyfed"|248,172|3144|0,2|0,58|0,03|"M-2-V"
2506|"Tecumseh"|174,462|5242|0,8|1,02|0,73|"G-5-V"
1376|"Kleinwelt"|539,674|4991|0,8|0,83|NA|"K-0-V"
2992|"Gateway"|965,99|4223|0,5|0,92|0,48|"K-3-V"
2859|"Astrokaszy"|428,893|3216|0,4|0,32|0,06|"M-1-V"
305|"Beowulf"|522,195|3889|0,6|0,77|0,57|"K-5-V"
2195|"Rypful"|625,123|2445|0,4|0,34|0,01|"M-4-V"
1421|"Kumqwat"|307,86|5299|0,9|1,01|0,86|"G-2-V"
2845|"Zollikofen"|34,823|2450|0,2|0,64|0,02|"M-2-V"
1310|"Kaus Media"|80,461|2748|0,1|0,3|0,06|"M-5-V"
2791|"Yamoussoukra"|508,624|3986|0,8|0,77|0,45|"K-6-V"
587|"Conquista"|307,25|4671|0,5|0,96|0,43|"K-3-V"
627|"Crossing"|257,684|2867|0,3|0,18|0,02|"M-2-V"
463|"Cap Rouge"|331,598|4107|0,6|0,89|0,59|"K-0-V"
2546|"Timbiqui"|338,95|2894|NA|0,68|0,07|"M-3-V"
2562|"Toland"|446,647|4648|0,6|NA|0,44|"K-2-V"
1678|"Menkib"|149,445|2884|0,3|0,14|0,07|"M-5-V"
2173|"Rondon"|727,218|3222|0,1|0,24|0,04|"M-0-V"
322|"Bhykov"|238,808|2479|0,3|0,64|0,03|"M-5-V"
1731|"Mizt"|680,623|2825|0,1|0,7|0,07|"M-3-V"
766|"Ebensburg"|383,58|2931|0,3|0,47|0,05|"M-4-V"
2794|"Yàn-huì"|279,245|3300|0,1|0,49|0,04|"M-2-V"
1962|"Outpost"|426,738|2543|0,1|0,35|0,04|"M-5-V"
2293|"Sharpe"|217,003|3253|0,1|0,56|0,02|"M-2-V"
10|"Aboukir"|509,023|4027|0,5|0,96|0,15|"K-0-V"
2345|"Sirdar"|334,587|2400|0,4|0,24|0,06|"M-2-V"
219|"Avigait"|314,788|2829|0,3|0,41|0,01|"M-0-V"
1442|"Lackland"|573,445|2601|0,3|0,12|0,01|"M-6-V"
1616|"Marlowe's Rift"|250,609|2916|0,2|0,52|0,02|"M-5-V"
332|"Bismarck"|361,105|3319|0,2|0,21|0,01|"M-2-V"
23|"Acubens"|72,795|2641|0,3|0,37|0,02|"M-3-V"
1103|"Hè-shì"|359,722|2812|0,4|0,58|0,07|"M-4-V"
96|"Alta Vista"|506,799|3473|0,4|0,44|0,06|"M-0-V"
1387|"Kokpekty"|511,715|5249|1|0,99|1,19|"G-5-V"
225|"Axton"|170,277|2588|0,2|0,51|0,08|"M-2-V"
1712|"Minderoo"|298,972|2559|0,1|0,37|0,03|"M-3-V"
1614|"Markesan"|233,831|3353|0,2|0,45|0,08|"M-2-V"
2687|"Vikindu"|289,802|4372|0,5|0,81|NA|"K-4-V"
344|"Blommestein"|758,27|2797|0,2|0,21|0,01|"M-2-V"
1883|"Nobel"|457,957|2992|0,1|0,32|0,07|"M-0-V"
2895|"Davetal"|522,975|2982|NA|0,11|0,06|"M-3-V"
2264|"Schuyler"|386,845|2532|0,3|0,13|0,03|"M-3-V"
2279|"Senftenberg"|208,994|4748|0,5|0,95|0,43|"K-2-V"
1479|"Lepaterique"|410,386|3065|0,3|0,26|NA|"M-3-V"
1169|"Ichmandu"|531,714|2774|NA|0,22|0,03|"M-2-V"
145|"Antallos"|542,011|4369|0,5|0,9|0,23|"K-3-V"
1006|"Grobin"|119,956|2457|0,3|0,11|0,04|"M-7-V"
1352|"Killbourn"|14,06|2645|0,2|0,64|0,05|"M-2-V"
726|"Dobson"|205,89|5480|0,9|0,99|0,75|"G-2-V"
1429|"Kvistgard"|365,517|4076|0,5|0,82|0,35|"K-2-V"
977|"Goldlure"|289,919|3444|0,3|0,47|0,06|"M-1-V"
1705|"Millray"|611,371|4379|0,7|0,91|0,46|"K-2-V"
1965|"Overton"|212,973|3143|0,2|0,29|0,05|"M-2-V"
3149|"Alloway"|448,698|4457|0,7|0,85|0,4|"K-4-V"
2855|"Fasa"|1632,008|4859|0,7|0,86|0,6|"K-2-V"
1700|"Midthun"|391,18|3512|0,3|0,1|0,01|"M-1-V"
262|"Barstow"|175,434|3504|0,2|0,46|0,03|"M-0-V"
3026|"Nouveaux Paris"|853,745|2483|0,4|0,69|0,01|"M-3-V"
807|"Enkoping"|171,594|3890|0,6|0,94|0,38|"K-3-V"
583|"Conakry"|342,513|5393|1|1,01|1,05|"G-5-V"
2778|"Wright"|292,038|5613|1|1,09|1,49|"G-2-V"
229|"Azha"|74,442|2535|0,2|0,61|0,02|"M-5-V"
2449|"Svinngarn"|172,234|2953|0,4|0,15|0,04|"M-2-V"
1120|"Hódmezovásárhely"|240,135|3122|0,2|0,11|0,08|"M-4-V"
2461|"Szombathely"|200,74|2698|0,4|0,2|0,04|"M-6-V"
1687|"Merowinger"|608,18|5255|0,8|1,13|0,8|"G-5-V"
2692|"Vintru"|197,41|3918|0,5|0,83|0,41|"K-0-V"
1872|"Ningpo"|86,028|3518|0,4|0,45|0,04|"M-1-V"
1610|"Maripa"|781,308|5753|0,9|1,03|0,93|"G-2-V"
380|"Brabent"|259,561|4041|0,6|0,71|0,24|"K-6-V"
973|"Goderich"|152,712|2696|0,2|0,47|0,08|"M-5-V"
1802|"Nathan"|83,274|4290|0,7|0,71|0,29|"K-3-V"
635|"Curaumilla"|351,204|2973|0,2|0,18|0,07|"M-3-V"
3067|"Kebili"|969,362|3999|0,7|0,94|0,55|"K-2-V"
91|"Alrakis"|84,276|2821|0,3|0,49|0,08|"M-4-V"
2944|"Grant's Station"|1836,562|2458|0,2|0,27|0,04|"M-3-V"
1025|"Gypsum"|282,695|2401|0,2|0,19|0,06|"M-2-V"
1381|"Ko"|47,487|3577|0,4|0,69|0,08|"M-0-V"
1593|"Manotick"|395,844|3853|0,5|0,87|0,21|"K-2-V"
580|"Colorado"|397,94|4300|0,6|0,82|0,53|"K-3-V"
3|"Abadan"|118,958|3186|0,3|0,16|0,06|"M-2-V"
1623|"Matamoras"|430,949|2674|0,2|0,24|0,06|"M-6-V"
1435|"La Blon"|79,491|4531|0,7|0,78|0,46|"K-3-V"
1680|"Merak"|134,73|2976|0,2|0,08|0,04|"M-3-V"
2454|"Sylvester"|381,048|2451|0,3|0,19|0,04|"M-5-V"
933|"Gandy's Luck"|266,94|3847|0,6|0,77|0,32|"K-4-V"
489|"Caselton"|119,999|2693|0,3|0,45|0,06|"M-3-V"
2681|"Vibrunum"|531,858|3972|0,7|0,75|0,52|"K-6-V"
2275|"Semenyih"|177,932|3908|0,6|0,76|0,08|"K-2-V"
1693|"Mezzana"|367,429|3027|0,2|0,34|0,02|"M-3-V"
717|"Dijonne"|537,835|2500|0,4|0,65|0,05|"M-1-V"
390|"Breukelen"|166,583|3733|0,5|0,75|0,14|"K-5-V"
2998|"Köln"|1009,557|2573|0,3|0,36|0,04|"M-4-V"
1036|"Halesowen"|254,35|2612|0,2|0,69|0,05|"M-3-V"
552|"Choudrant"|340,676|5671|1|1,01|1,33|"G-2-V"
2106|"Radstadt"|319,322|2645|0,4|0,51|0,05|"M-2-V"
2996|"Kalmar"|1193,507|4911|0,5|0,81|0,16|"K-0-V"
1080|"Heiligendreuz"|277,852|5571|0,8|1,14|0,91|"G-2-V"
1729|"Miyazaki"|77,149|4155|0,7|0,73|0,23|"K-3-V"
3003|"Riga"|1218,727|2501|0,4|0,11|0,04|"M-8-V"
1559|"Madiun"|402,121|3110|0,3|0,2|0,03|"M-1-V"
2890|"Charleston"|565,271|2405|0,4|0,11|0,02|"M-6-V"
3106|"Beehive Cluster"|816,864|5781|0,9|1,13|1,39|"G-2-V"
2159|"Roadside"|412,643|2685|0,3|0,49|0,04|"M-3-V"
599|"Corfu"|328,473|3079|0,4|0,22|0,05|"M-1-V"
502|"Celebes"|140,327|4186|0,7|0,93|0,48|"K-3-V"
1201|"Inman"|556,066|4296|0,7|0,72|0,58|"K-5-V"
2985|"Bremen"|1131,231|3933|0,7|0,93|0,28|"K-3-V"
2768|"Wokha"|770,124|2957|0,1|0,56|0,03|"M-5-V"
1187|"Imbrial"|298,28|3349|0,2|0,5|0,06|"M-2-V"
1526|"Loysville"|433,08|4844|0,7|0,82|NA|"K-2-V"
2433|"Summer"|51,54|4319|0,6|0,93|0,42|"K-4-V"
1617|"Marodzi"|400,898|3136|0,4|0,18|0,02|"M-0-V"
1317|"Kearny"|302,615|5537|NA|0,98|0,79|"G-4-V"
2516|"Tentativa"|462,242|2607|0,4|0,41|0,05|"M-7-V"
1758|"Moriguchi"|466,533|2614|0,2|0,18|0,03|"M-1-V"
371|"Borka"|330,52|2599|0,1|0,69|0,01|"M-5-V"
914|"Gacrux"|87,165|3751|0,5|0,75|0,36|"K-1-V"
2860|"Baccalieu"|525,243|2576|0,1|0,2|0,02|"M-2-V"
2929|"Albion"|1792,847|4197|0,5|0,9|0,36|"K-0-V"
1195|"Indrapurai"|567,628|4769|0,7|0,75|0,33|"K-0-V"
2989|"Dortmund"|1072,368|4173|0,6|0,85|0,49|"K-3-V"
1784|"Naco"|571,712|2878|0,4|0,16|0,03|"M-5-V"
1234|"Jápminboddu"|555,547|3800|0,7|0,85|0,56|"K-6-V"
2592|"Tsamma"|450,196|5409|0,9|0,99|0,89|"G-3-V"
1143|"Hoyleton"|508,766|2891|0,2|0,15|0,02|"M-5-V"
527|"Chaumont"|360,996|3058|0,1|0,43|0,05|"M-3-V"
608|"Cotocallao"|332,801|2744|0,3|0,54|0,06|"M-1-V"
1350|"Kilbourne"|573,439|4038|0,7|0,94|0,47|"K-3-V"
3117|"Midden"|658,395|3860|0,5|0,89|0,36|"K-6-V"
660|"Dansur"|323,89|2799|0,1|0,56|0,03|"M-5-V"
2315|"Shipka"|136,617|2536|0,4|0,67|0,03|"M-3-V"
1050|"Hanover"|400,763|4439|0,7|0,82|0,08|"K-2-V"
2653|"Valois"|612,48|3341|0,3|0,22|NA|"M-1-V"
721|"Dirkel"|533,914|2675|0,1|NA|0,04|"M-3-V"
1757|"Morges"|316,541|2612|0,1|0,25|0,03|"M-5-V"
428|"Cadiz"|192,656|2956|0,2|0,66|0,04|"M-5-V"
1095|"Herbania"|480,47|3873|0,7|0,76|0,6|"K-2-V"
274|"Batavia"|208,581|5206|0,8|1,04|1|"G-2-V"
1546|"Lyons"|45,047|2745|0,2|0,57|0,04|"M-6-V"
2907|"Independence"|508,458|2650|0,1|0,21|0,01|"M-5-V"
3111|"Frobisher"|598,709|2981|0,4|0,29|0,04|"M-2-V"
520|"Chapineria"|488,922|5274|1|0,99|1,17|"G-4-V"
715|"Dieudonné"|79,556|2571|0,2|0,26|0,04|"M-5-V"
2543|"Tiflis"|404,578|5444|NA|1|1,48|"G-4-V"
2947|"Hoard"|1880,135|3831|0,7|0,77|0,43|"K-2-V"
2559|"Togwotee"|202,445|2991|0,2|0,25|0,07|"M-3-V"
1767|"Mozirje"|364,176|2889|0,2|0,1|0,01|"M-5-V"
1585|"Mandeville"|727,345|2888|0,2|NA|0,02|"M-1-V"
2590|"Truth"|177,533|4124|0,8|0,88|0,24|"K-3-V"
723|"Dixie"|254,729|3241|0,3|0,29|0,05|"M-3-V"
2290|"Shalaine"|544,863|2965|0,3|0,56|0,06|"M-3-V"
2481|"Tanh Linh"|249,237|2905|0,2|0,14|0,04|"M-5-V"
622|"Crestoblus"|463,634|3177|0,2|0,15|0,06|"M-2-V"
3025|"Kinbrace"|950,161|3492|0,3|0,12|0,06|"M-1-V"
1367|"Kitalpha"|148,516|3160|0,3|0,1|0,02|"M-1-V"
2552|"Tirabad"|516,701|4602|0,7|0,93|0,39|"K-2-V"
2750|"Westover"|370,149|4970|0,5|0,81|0,5|"K-0-V"
3113|"Interstellar Expeditions Base #22"|1900,682|2853|0,4|0,58|0,07|"M-2-V"
3118|"Mizdargh"|1397,117|2498|0,2|0,65|0,01|"M-8-V"
508|"Cerillos"|378,712|2742|0,4|0,11|0,07|"M-2-V"
2965|"Tiber"|1878,865|2940|0,3|NA|0,02|"M-3-V"
658|"Daniels"|232,667|4382|0,6|0,79|0,15|"K-4-V"
775|"Eidsfoss"|164,441|3974|0,5|0,82|0,45|"K-7-V"
667|"Davisville"|482,089|4209|0,6|0,94|0,22|"K-5-V"
690|"Denebola"|37,878|3725|0,5|0,77|0,16|"K-7-V"
1159|"Hustaing"|251,749|2655|0,2|0,11|0,06|"M-2-V"
3096|"Belgae"|978,662|3115|0,3|0,57|0,06|"M-3-V"
1879|"Nito"|601,481|3066|0,4|0,17|0,01|"M-2-V"
908|"Fukuroi"|173,854|2521|0,4|0,25|0,06|"M-3-V"
2491|"Tarazed"|281,331|2508|0,3|0,32|0,03|"M-2-V"
257|"Baranda"|518,574|4066|0,6|0,76|0,44|"K-0-V"
1751|"Montsegur"|459,177|2634|0,2|0,23|0,06|"M-2-V"
2714|"Waldorff"|382,194|2974|0,3|0,68|0,02|"M-3-V"
490|"Casere"|352,437|3072|0,3|0,25|0,01|"M-1-V"
2443|"Sutama"|153,458|2441|0,2|0,5|0,08|"M-2-V"
752|"Dunianshire"|504,089|3249|0,2|0,68|0,05|"M-0-V"
1309|"Kaus Borealis"|97,04|4081|0,6|NA|0,51|"K-6-V"
3136|"Hofn"|810,982|3492|0,1|0,5|0,02|"M-1-V"
637|"Cussar"|185,663|5224|1|1,05|1,3|"G-2-V"
411|"Bryceland"|418,23|2786|0,1|0,18|0,04|"M-2-V"
113|"Amber"|471,531|4205|0,6|0,95|0,56|"K-4-V"
180|"Armstrong"|488,465|4060|0,7|0,88|0,16|"K-0-V"
593|"Cor Caroli"|64,191|3757|0,6|0,86|0,49|"K-2-V"
2424|"Sturgis"|422,565|2442|0,3|0,63|0,03|"M-4-V"
2265|"Schwartz"|461,704|3295|0,1|0,08|0,02|"M-1-V"
1596|"Manteno"|202,418|2528|0,1|0,49|0,06|"M-2-V"
2104|"Radlje"|381,223|4191|0,6|0,88|0,37|"K-6-V"
700|"Devil's Rock"|39,295|3975|0,7|NA|NA|"K-2-V"
3082|"New Sierra"|829,763|2607|0,1|0,19|0,05|"M-2-V"
931|"Gamlestolen"|610,047|3106|0,1|0,59|0,02|"M-1-V"
292|"Bell"|151,397|3403|0,1|0,48|0,08|"M-0-V"
2297|"Shaun"|332,358|2670|0,1|0,67|0,06|"M-2-V"
3017|"Attenbrooks"|988,69|2511|0,3|0,21|0,04|"M-8-V"
1356|"Kingtribel"|146,125|3066|0,1|0,42|0,07|"M-2-V"
674|"Decus"|255,495|3915|0,7|0,78|0,59|"K-3-V"
382|"Branzoll"|271,234|2593|0,3|0,52|0,06|"M-3-V"
1659|"Megrez"|215,34|4512|0,6|0,89|0,56|"K-2-V"
2133|"Reisterstown"|349,102|4811|0,6|0,95|0,17|"K-2-V"
1447|"Lamon"|136,449|2682|0,3|0,15|0,07|"M-4-V"
1140|"Housekarle"|278,876|2688|0,2|0,4|0,05|"M-5-V"
2020|"Phalan"|135,839|2659|0,3|0,32|0,08|"M-5-V"
2785|"Xenia"|466,101|3773|0,6|0,86|0,48|"K-7-V"
3018|"Bazaar"|755,254|2946|0,1|0,11|0,03|"M-0-V"
3109|"Fager"|1594,56|3253|0,2|0,7|0,01|"M-1-V"
741|"Drienfontein"|397,279|2620|0,1|0,44|0,04|"M-2-V"
1780|"Muswell"|291,781|2995|0,2|0,53|0,03|"M-4-V"
1938|"Olindo"|519,3|2448|NA|0,14|0,07|"M-2-V"
1515|"Loparri"|542,601|5318|0,9|1,01|1,16|"G-4-V"
1021|"Gurnet"|249,28|2800|0,2|0,67|0,03|"M-5-V"
1778|"Muscida"|229,603|4133|0,8|0,86|0,4|"K-5-V"
103|"Althea's Choice"|510,154|4019|0,6|0,77|0,29|"K-5-V"
985|"Götterdämmerung"|499,045|2424|0,2|0,13|0,02|"M-6-V"
79|"Alleghe"|406,17|2521|0,3|0,5|0,05|"M-8-V"
991|"Gran"|342,166|2574|0,1|0,56|0,02|"M-5-V"
76|"Alkes"|118,845|2693|0,3|0,12|0,07|"M-5-V"
2541|"Tianamon"|129,453|5557|0,9|1,05|0,94|"G-4-V"
1978|"Panjang"|348,831|2450|0,1|0,23|0,07|"M-6-V"
2772|"Woodbine"|504,241|2599|0,4|0,25|0,07|"M-5-V"
1282|"Kaldu"|625,535|2832|0,1|0,41|0,06|"M-3-V"
1598|"Mao"|579,089|3074|0,4|0,31|0,07|"M-4-V"
1821|"New Capetown"|362,678|4405|0,7|0,87|0,57|"K-4-V"
2563|"Tomans"|228,019|5514|0,8|1,15|1,27|"G-2-V"
3029|"Santiago"|1000,343|2484|0,2|0,1|0,08|"M-8-V"
3126|"Able's Glory"|553,461|2975|0,2|0,28|0,08|"M-3-V"
1892|"Norn"|399,746|3948|0,7|0,75|0,38|"K-3-V"
2608|"Twycross"|380,978|3815|0,6|0,88|0,4|"K-2-V"
3032|"Star Cluster P12"|1309,703|2456|0,1|0,58|0,03|"M-0-V"
1983|"Parakoila"|348,886|5718|0,9|1,1|1|"G-2-V"
1337|"Keuterville"|416,175|3094|0,1|0,36|0,04|"M-2-V"
538|"Chichibu"|117,458|3160|0,2|0,48|0,07|"M-2-V"
34|"Adrian"|450,134|2620|0,4|0,16|0,08|"M-5-V"
2482|"Tania Australis"|154,806|3802|0,6|0,94|NA|"K-6-V"
832|"Evansville"|295,871|5535|0,8|NA|1,35|"G-5-V"
3120|"Pharos"|796,049|4991|0,7|0,73|0,24|"K-0-V"
243|"Balkan"|91,155|2427|0,1|0,49|0,07|"M-1-V"
70|"Algorab"|115,66|2697|0,4|0,22|0,05|"M-6-V"
2728|"Waxell"|332,347|2482|0,3|0,52|0,07|"M-8-V"
224|"Awyron"|489,679|2619|0,2|0,56|0,03|"M-4-V"
848|"Famdo"|597,46|4410|0,6|0,75|0,37|"K-2-V"
1782|"Myrvoll"|90,342|2926|0,2|0,63|0,08|"M-4-V"
1662|"Meinhof"|245,699|3708|0,5|0,73|0,51|"K-2-V"
361|"Bondurant"|169,039|4112|0,8|NA|0,35|"K-3-V"
590|"Conwy"|105,446|2893|0,2|0,32|0,05|"M-4-V"
2646|"Valdives"|384,506|4548|0,5|0,88|0,09|"K-2-V"
1499|"Lipton"|34,466|2528|NA|0,08|0,07|"M-3-V"
3081|"SLSC A0V.4900"|1008,835|4458|0,6|0,7|0,35|"K-1-V"
1122|"Hoff"|266,707|4641|0,5|0,73|0,59|"K-3-V"
2620|"Ullieri"|307,778|2541|0,4|0,6|0,04|"M-3-V"
2551|"Tintavel"|262,893|4125|0,7|0,95|0,37|"K-6-V"
2045|"Pojos"|386,641|4273|0,5|0,87|0,3|"K-3-V"
1725|"Mitchella"|501,448|2401|0,2|0,22|0,04|"M-5-V"
2291|"Shaobuon"|416,492|2606|0,2|0,08|0,02|"M-2-V"
2691|"Vinstra"|548,68|2568|0,2|0,53|0,02|"M-2-V"
2385|"Spica"|255,008|2803|0,3|0,18|0,08|"M-2-V"
506|"Cerberus"|512,542|5316|0,9|1,04|1,07|"G-2-V"
1341|"Khi"|245,709|5768|1|1,11|1,3|"G-2-V"
617|"Crawford"|344,456|3215|0,4|0,38|0,06|"M-1-V"
184|"Artru"|498,275|2507|0,4|0,64|0,04|"M-5-V"
2421|"Strawn"|252,761|2558|0,3|0,63|0,07|"M-3-V"
1077|"Hednesford"|431,594|4204|0,6|0,7|0,55|"K-3-V"
2109|"Rahne"|142,229|2480|0,1|0,51|0,04|"M-4-V"
468|"Capra"|356,451|2870|0,4|0,07|0,04|"M-2-V"
578|"Colmar"|306,523|3089|0,2|0,49|0,01|"M-3-V"
2873|"New St. Andrews"|524,267|4591|0,5|0,95|0,58|"K-2-V"
559|"Cimeron"|372,243|2925|0,4|0,28|0,04|"M-4-V"
1522|"Lothario"|509,453|3779|0,7|0,95|0,3|"K-2-V"
2616|"Uhuru"|139,622|3850|0,5|0,75|0,37|"K-6-V"
1569|"Malacca"|516,353|3788|0,6|0,77|0,26|"K-7-V"
830|"Eustatius"|499,237|2628|NA|0,29|0,05|"M-5-V"
1022|"Gurrnazovo"|487,04|2678|0,2|0,1|0,03|"M-0-V"
1062|"Hartshill"|520,448|4798|0,6|0,76|0,21|"K-2-V"
1870|"Niihau"|250,668|2897|0,2|0,27|0,05|"M-4-V"
1517|"Loric"|233,599|2533|0,4|0,46|0,04|"M-1-V"
684|"Delos"|616,325|2930|0,3|0,34|0,03|"M-4-V"
1550|"Machapuchre"|528,899|2672|0,2|0,3|0,02|"M-3-V"
2239|"Sargasso"|344,965|2695|0,1|0,08|0,01|"M-1-V"
2602|"Turinge"|187,538|2603|0,3|0,4|0,01|"M-5-V"
2754|"Whittington"|150,419|3040|0,3|0,4|0,02|"M-3-V"
3034|"Suda Bay"|978,854|5780|1|1,05|1,4|"G-2-V"
1976|"Pandora"|249,55|2649|0,4|0,14|0,05|"M-6-V"
3028|"Salonika"|1067,065|3317|0,1|0,29|0,06|"M-2-V"
1394|"Konopiste"|288,934|2634|0,3|0,33|0,05|"M-7-V"
188|"Asellus Australis"|151,527|2718|0,2|0,24|0,05|"M-4-V"
1322|"Kelang"|409,796|2414|0,4|0,67|0,01|"M-8-V"
470|"Caracol"|483,507|4673|0,7|0,88|0,38|"K-3-V"
978|"Gomeisa"|136,272|2707|0,3|0,25|0,06|"M-2-V"
781|"El Giza"|282,522|3026|0,4|0,42|0,04|"M-4-V"
739|"Dreadlord"|586,05|2956|NA|0,62|0,06|"M-4-V"
2332|"Sighisoara"|385,029|2418|0,3|0,08|0,02|"M-8-V"
794|"Ellsworth"|318,967|3166|0,3|0,62|0,08|"M-2-V"
1654|"Megarez"|445,863|3361|0,4|0,37|0,04|"M-2-V"
3153|"Cassilda"|419,242|2501|0,2|0,22|0,04|"M-2-V"
328|"Binyang"|371,027|2916|0,1|NA|0,01|"M-2-V"
2255|"Scarborough"|272,458|3397|0,4|0,59|0,03|"M-2-V"
2903|"Gant"|555,882|2422|0,4|0,16|0,04|"M-2-V"
1399|"Korvitz"|351,167|3728|0,5|0,7|0,16|"K-2-V"
675|"Defiance"|438,118|2978|0,4|0,27|0,06|"M-3-V"
1230|"Jaipur"|330,667|2742|0,1|0,17|0,08|"M-3-V"
1166|"Ibstock"|104,048|2401|0,4|0,15|0,07|"M-6-V"
2597|"Tsukude"|121,063|2443|0,3|0,18|0,01|"M-8-V"
1864|"Nexus Ri"|466,121|2801|0,2|0,32|0,01|"M-5-V"
2154|"Ridgebrook"|377,737|4100|0,6|0,74|0,35|"K-4-V"
1919|"Odabasi"|225,235|2881|0,4|0,66|0,08|"M-5-V"
2041|"Plymouth"|350,856|2740|0,4|0,52|NA|"M-2-V"
1916|"Oberon"|486,19|2732|0,4|0,52|0,06|"M-3-V"
2833|"Zempoatlepetl"|253,688|3187|0,2|0,34|0,02|"M-2-V"
3147|"Taygete"|482,001|3796|0,8|0,93|0,26|"K-5-V"
782|"El Kerak"|375,541|3814|0,6|0,74|0,4|"K-2-V"
3048|"Doggerbank"|1033,575|2444|0,1|0,35|0,06|"M-1-V"
2489|"Tapihue"|347,815|3788|0,5|0,93|0,41|"K-7-V"
631|"Csomad"|517,606|3119|0,2|0,13|0,08|"M-4-V"
2486|"Tantara"|272,425|2866|0,4|0,27|0,04|"M-4-V"
2438|"Sunchon"|344,672|3168|0,1|0,62|0,06|"M-3-V"
298|"Belluevue"|79,895|2485|0,1|0,38|0,04|"M-0-V"
2595|"Tsingtao"|181,059|3855|0,6|0,85|0,2|"K-3-V"
175|"Arlanda"|484,991|5673|1|1,09|1,5|"G-2-V"
972|"Goat Path"|385,787|3125|0,1|0,17|0,03|"M-3-V"
1344|"Kiamba"|250,143|4260|0,6|0,94|0,56|"K-2-V"
2340|"Simferopol"|360,327|2641|0,1|0,37|0,05|"M-5-V"
804|"Engadin"|337,095|2922|0,3|0,25|0,01|"M-4-V"
974|"Goetville"|371,411|3894|0,6|0,88|0,21|"K-7-V"
1046|"Hamilton"|88,794|2968|0,1|0,19|0,05|"M-4-V"
1273|"Kaesong"|302,651|3898|0,5|0,75|0,36|"K-0-V"
1374|"Klathan"|178,057|4728|NA|0,95|0,14|"K-2-V"
312|"Beta Mensae"|342,469|2726|0,2|0,11|0,07|"M-0-V"
2743|"Weldon"|439,52|2982|0,2|0,66|0,05|"M-2-V"
1816|"New Avalon"|288,627|3039|0,4|0,5|0,04|"M-2-V"
1161|"Hyalite"|444,651|5314|1|1,12|1,25|"G-2-V"
2226|"Sanda"|376,883|5544|0,8|1,13|1,47|"G-5-V"
1465|"Launam"|167,677|4695|0,7|0,94|0,45|"K-2-V"
556|"Chupadero"|442,645|3347|0,4|0,15|0,05|"M-2-V"
3021|"Epsilon Pegasus"|725,437|4544|0,5|0,86|0,09|"K-3-V"
2272|"Seginus"|103,55|4463|0,7|0,76|0,08|"K-2-V"
2840|"Zindao"|263,598|3218|0,1|0,22|0,02|"M-2-V"
55|"Albion"|318,584|4041|0,6|0,76|0,51|"K-0-V"
1377|"Klenkar"|557,398|2880|0,2|0,22|0,01|"M-1-V"
47|"Akfata"|420,516|2799|0,3|0,22|0,07|"M-6-V"
1013|"Grunwald"|225,298|2984|0,4|0,53|0,05|"M-2-V"
1597|"Manx"|365,556|2601|0,2|0,07|0,02|"M-3-V"
465|"Capella"|176,33|4263|0,7|0,75|0,29|"K-5-V"
2902|"Fronc"|517,355|3050|0,4|0,31|0,06|"M-2-V"
821|"Escobas"|251,033|4111|0,5|0,82|0,49|"K-2-V"
806|"Enif"|517,167|2922|0,3|NA|0,07|"M-2-V"
3104|"Thasos"|970,102|5582|0,9|1,09|0,7|"G-4-V"
1422|"Kupang"|278,422|3759|0,7|0,81|0,51|"K-7-V"
2294|"Sharqah"|366,158|4077|0,5|0,87|0,2|"K-6-V"
1513|"Lone Star"|50,631|3870|0,6|0,74|0,21|"K-5-V"
352|"Boardwalk"|198,058|2720|0,2|0,63|0,07|"M-3-V"
611|"Courchevel"|357,664|4167|0,5|0,9|0,16|"K-6-V"
317|"Bethonolog"|404,338|2715|0,1|0,17|0,01|"M-1-V"
2113|"Ramen"|155,499|3852|0,7|0,77|0,14|"K-7-V"
1358|"Kirbyville"|509,729|2596|0,1|0,54|0,08|"M-3-V"
1065|"Hassi R'mel"|401,407|3163|0,4|0,61|0,03|"M-3-V"
259|"Barlaston"|293,832|2811|0,3|0,11|0,07|"M-3-V"
2609|"Tybalt"|92,25|2926|0,4|0,49|NA|"M-5-V"
943|"Gei-Fu"|207,247|4062|0,7|0,83|0,37|"K-2-V"
2939|"Colleen"|1843,651|2625|0,1|0,61|0,02|"M-4-V"
1711|"Minakuchi"|132,873|2841|0,2|0,64|0,05|"M-4-V"
1326|"Kenilworth"|584,375|2474|0,4|0,12|0,03|"M-0-V"
2248|"Saumur"|384,058|5514|1|1,11|0,76|"G-5-V"
1225|"Jaboatao"|525,95|3029|0,1|0,47|0,07|"M-1-V"
926|"Galtor"|207,431|3960|0,5|0,96|0,2|"K-7-V"
2521|"Texlos"|294,114|3152|0,1|0,39|0,01|"M-2-V"
539|"Chillon"|333,085|2568|0,4|0,63|0,06|"M-1-V"
2850|"Zurich"|66,265|4385|0,6|0,85|0,2|"K-0-V"
3102|"Lemnos"|1009,009|4493|0,8|0,81|0,28|"K-3-V"
2271|"Segerica"|407,856|5614|1|0,97|0,7|"G-2-V"
1382|"Kobe"|281,853|4044|0,6|0,86|0,33|"K-6-V"
2572|"Tottori"|505,695|4379|0,8|0,89|0,52|"K-3-V"
36|"Afarsin"|428,482|2789|0,3|0,56|0,05|"M-2-V"
1511|"Lokoja"|576,824|3829|0,5|0,77|0,51|"K-3-V"
153|"Aosia"|180,609|3181|0,1|0,58|0,05|"M-2-V"
2158|"Risin"|533,718|2671|0,1|0,26|0,06|"M-4-V"
2790|"Yamarovka"|296,32|2921|0,2|0,45|0,05|"M-3-V"
2278|"Sendalor"|270,418|2453|0,4|0,69|0,04|"M-2-V"
3098|"Halkidik"|1002,899|3895|0,7|0,95|0,48|"K-2-V"
2164|"Rochester"|226,969|3001|0,2|0,67|0,06|"M-2-V"
1400|"Kosciusko"|316,105|2819|0,2|0,63|0,04|"M-4-V"
1003|"Greenlaw"|277,786|3740|0,7|0,77|0,4|"K-4-V"
3047|"Caesar's Crown"|665,716|2717|0,1|0,37|0,06|"M-3-V"
2601|"Turin"|368,468|2498|0,2|0,52|0,03|"M-3-V"
2074|"Promised Land"|312,796|2588|0,2|0,15|0,02|"M-2-V"
857|"Feijo"|734,962|3097|0,2|0,63|0,05|"M-2-V"
653|"Dalton"|257,401|3650|0,1|0,4|0,01|"M-0-V"
1280|"Kajikazawa"|167,797|5311|1|1,07|1,46|"G-2-V"
3152|"Bonavista"|447,234|2514|0,1|0,63|NA|"M-1-V"
160|"Aquagea"|406,98|2562|0,2|0,64|0,03|"M-3-V"
291|"Belamor"|300,235|3001|0,4|0,25|0,04|"M-3-V"
1079|"Heidelburg"|590,922|5404|1|1,03|1,41|"G-4-V"
2757|"Willowick"|336,63|5632|1|0,98|1,4|"G-2-V"
1599|"Mara"|122,062|3058|0,4|0,45|0,08|"M-2-V"
2437|"Sun Prairie"|326,464|2534|0,4|0,69|0,06|"M-5-V"
3023|"Gwithian"|830,561|5593|0,9|1,11|NA|"G-2-V"
9|"Abiy Adi"|470,19|2486|0,3|0,7|0,01|"M-8-V"
478|"Carmelita"|786,3|3739|0,6|0,81|0,38|"K-2-V"
1167|"Icar"|422,139|2832|0,2|0,16|0,06|"M-2-V"
3170|"Hallelujah"|1177,918|4241|0,5|0,91|0,43|"K-5-V"
636|"Cursa"|352,409|4195|0,7|0,82|0,16|"K-0-V"
659|"Danli"|721,219|2442|0,2|0,69|0,04|"M-7-V"
200|"Atlas"|290,432|2586|0,4|0,53|0,04|"M-2-V"
3086|"Rim Worlds Republic Outpost #7"|1631,332|3932|0,6|0,72|0,31|"K-6-V"
2951|"Londerholm"|1873,158|2916|0,3|NA|0,01|"M-5-V"
2299|"Shawnee"|556,766|2520|0,1|0,25|0,06|"M-5-V"
3123|"Star Cluster 1108"|1962,697|2702|0,2|0,37|0,04|"M-2-V"
1532|"Ludwig"|179,422|3484|0,1|0,45|0,08|"M-0-V"
404|"Brookeland"|445,817|4004|0,7|0,75|0,14|"K-2-V"
2654|"Van Diemen"|53,046|2775|0,4|0,45|0,04|"M-6-V"
15|"Acamar"|55,235|3819|0,5|0,92|0,22|"K-1-V"
826|"Esztergom"|256,264|2804|0,2|0,61|0,07|"M-2-V"
1089|"Hell's Paradise"|301,051|5627|0,9|1,07|1,46|"G-4-V"
2011|"Perdition"|470,573|2748|0,3|0,6|0,02|"M-4-V"
827|"Etiler"|427,385|4510|0,5|0,88|0,27|"K-2-V"
80|"Allerton"|263,502|3231|0,4|0,37|0,03|"M-3-V"
1647|"Meacham"|189,544|2841|0,2|0,68|0,05|"M-3-V"
876|"Firgrove"|389,622|4017|0,8|0,74|0,15|"K-7-V"
2400|"Stardawn"|353,546|5237|NA|1,14|1,02|"G-5-V"
1968|"Paches"|210,407|5405|1|1,13|1,22|"G-5-V"
364|"Booker"|429,513|2974|0,4|0,48|NA|"M-5-V"
1644|"McKellan"|236,923|5560|1|1,02|0,87|"G-2-V"
612|"Courtney"|283,773|4073|0,6|0,89|0,44|"K-3-V"
1624|"Matar"|171,567|5489|0,9|1,03|0,89|"G-5-V"
377|"Bountiful Harvest"|294,93|2718|0,3|0,08|0,03|"M-4-V"
932|"Gan Singh"|89,881|2723|0,1|0,35|0,05|"M-6-V"
2237|"Saravan"|331,428|4286|0,6|0,75|0,53|"K-3-V"
467|"Capolla"|42,175|4666|0,5|0,95|0,1|"K-3-V"
90|"Alpheratz"|525,519|2502|0,3|0,47|0,06|"M-1-V"
1800|"Nashira"|58,302|2470|0,2|0,54|0,06|"M-2-V"
561|"Circinus"|394,259|4039|0,6|0,79|0,3|"K-2-V"
1491|"Linden"|782,786|5241|0,9|1,13|0,97|"G-4-V"
1918|"Oceana"|144,843|2555|0,2|0,28|0,02|"M-2-V"
3087|"Rover"|849,002|2444|0,3|0,45|0,02|"M-6-V"
2388|"St. Andre"|120,166|2981|0,1|0,09|0,07|"M-2-V"
474|"Caria"|201,292|2494|0,2|0,11|0,05|"M-7-V"
1580|"Manaus"|392,141|2680|0,3|0,44|0,08|"M-4-V"
61|"Aldrecht"|174,724|2599|0,1|0,37|0,05|"M-4-V"
574|"Cole Harbour"|316,492|5774|0,9|0,97|1,29|"G-2-V"
2594|"Tsinan"|319,063|2613|NA|0,56|0,03|"M-5-V"
1839|"New Macao"|144,856|5027|0,8|0,88|0,14|"K-0-V"
483|"Carse"|239,579|4187|0,6|0,83|0,13|"K-3-V"
1970|"Pajarito"|485,93|2424|0,2|0,46|0,01|"M-8-V"
1295|"Karakiraz"|364,621|2589|0,1|0,36|0,03|"M-5-V"
